position,badge_url,name,games_played,games_won,games_drawn,games_lost,goals_for,goals_against,goal_difference,points
1,https://resources.premierleague.com/premierleague25/badges/3.svg,Arsenal,5,4,0,1,10,3,7,12
2,https://resources.premierleague.com/premierleague25/badges/8.svg,Chelsea,5,3,0,2,6,6,0,9
3,https://resources.premierleague.com/premierleague25/badges/1.svg,Manchester United,5,3,0,2,7,11,-4,9
4,https://resources.premierleague.com/premierleague25/badges/43.svg,Manchester City,5,2,2,1,9,5,4,8
5,https://resources.premierleague.com/premierleague25/badges/6.svg,Tottenham Hotspur,5,2,2,1,7,6,1,8
6,https://resources.premierleague.com/premierleague25/badges/36.svg,Brighton and Hove Albion,5,2,1,2,8,8,0,7
7,https://resources.premierleague.com/premierleague25/badges/4.svg,Newcastle United,5,1,3,1,6,4,2,6
8,https://resources.premierleague.com/premierleague25/badges/11.svg,Everton,5,1,2,2,5,7,-2,5
9,https://resources.premierleague.com/premierleague25/badges/91.svg,Bournemouth,5,1,2,2,6,18,-12,5
10,https://resources.premierleague.com/premierleague25/badges/21.svg,West Ham United,5,1,1,3,3,5,-2,4
11,https://resources.premierleague.com/premierleague25/badges/54.svg,Fulham,5,1,1,3,6,9,-3,4
12,https://resources.premierleague.com/premierleague25/badges/31.svg,Crystal Palace,4,0,3,1,3,5,-2,3
13,https://resources.premierleague.com/premierleague25/badges/94.svg,Brentford,5,0,3,2,6,11,-5,3
14,https://resources.premierleague.com/premierleague25/badges/20.svg,Southampton,5,1,0,4,3,11,-8,3
15,https://resources.premierleague.com/premierleague25/badges/14.svg,Liverpool,4,0,2,2,5,7,-2,2
16,https://resources.premierleague.com/premierleague25/badges/7.svg,Aston Villa,5,0,2,3,3,8,-5,2
17,https://resources.premierleague.com/premierleague25/badges/2.svg,Leeds United,4,0,1,3,5,10,-5,1
18,https://resources.premierleague.com/premierleague25/badges/39.svg,Wolverhampton Wanderers,5,0,1,4,1,8,-7,1
19,https://resources.premierleague.com/premierleague25/badges/17.svg,Nottingham Forest,5,0,1,4,1,14,-13,1
20,https://resources.premierleague.com/premierleague25/badges/13.svg,Leicester City,5,0,0,5,8,19,-11,0
