position,badge_url,name,games_played,games_won,games_drawn,games_lost,goals_for,goals_against,goal_difference,points
1,https://resources.premierleague.com/premierleague25/badges/6.svg,Tottenham Hotspur,5,4,1,0,13,3,10,13
2,https://resources.premierleague.com/premierleague25/badges/13.svg,Leicester City,5,4,0,1,13,6,7,12
3,https://resources.premierleague.com/premierleague25/badges/1.svg,Manchester United,4,4,0,0,13,6,7,12
4,https://resources.premierleague.com/premierleague25/badges/8.svg,Chelsea,5,3,2,0,11,4,7,11
5,https://resources.premierleague.com/premierleague25/badges/7.svg,Aston Villa,4,3,0,1,8,2,6,9
6,https://resources.premierleague.com/premierleague25/badges/2.svg,Leeds United,5,3,0,2,9,8,1,9
7,https://resources.premierleague.com/premierleague25/badges/11.svg,Everton,5,3,0,2,7,7,0,9
8,https://resources.premierleague.com/premierleague25/badges/39.svg,Wolverhampton Wanderers,5,3,0,2,5,6,-1,9
9,https://resources.premierleague.com/premierleague25/badges/4.svg,Newcastle United,5,2,2,1,6,4,2,8
10,https://resources.premierleague.com/premierleague25/badges/20.svg,Southampton,5,2,2,1,9,8,1,8
11,https://resources.premierleague.com/premierleague25/badges/43.svg,Manchester City,5,2,2,1,6,5,1,8
12,https://resources.premierleague.com/premierleague25/badges/21.svg,West Ham United,5,2,1,2,9,7,2,7
13,https://resources.premierleague.com/premierleague25/badges/36.svg,Brighton and Hove Albion,5,2,1,2,9,8,1,7
14,https://resources.premierleague.com/premierleague25/badges/3.svg,Arsenal,5,2,1,2,5,4,1,7
15,https://resources.premierleague.com/premierleague25/badges/14.svg,Liverpool,5,1,3,1,8,11,-3,6
16,https://resources.premierleague.com/premierleague25/badges/31.svg,Crystal Palace,5,2,0,3,5,9,-4,6
17,https://resources.premierleague.com/premierleague25/badges/54.svg,Fulham,5,1,1,3,6,8,-2,4
18,https://resources.premierleague.com/premierleague25/badges/90.svg,Burnley,5,0,2,3,3,12,-9,2
19,https://resources.premierleague.com/premierleague25/badges/35.svg,West Bromwich Albion,5,0,1,4,3,11,-8,1
20,https://resources.premierleague.com/premierleague25/badges/49.svg,Sheffield United,5,0,0,5,3,10,-7,0
