position,badge_url,name,games_played,games_won,games_drawn,games_lost,goals_for,goals_against,goal_difference,points
1,https://resources.premierleague.com/premierleague25/badges/14.svg,Liverpool,5,4,1,0,9,3,6,13
2,https://resources.premierleague.com/premierleague25/badges/43.svg,Manchester City,5,4,0,1,15,5,10,12
3,https://resources.premierleague.com/premierleague25/badges/8.svg,Chelsea,4,3,0,1,12,9,3,9
4,https://resources.premierleague.com/premierleague25/badges/20.svg,Southampton,5,2,1,2,5,6,-1,7
5,https://resources.premierleague.com/premierleague25/badges/49.svg,Sheffield United,4,1,3,0,5,3,2,6
6,https://resources.premierleague.com/premierleague25/badges/91.svg,Bournemouth,4,2,0,2,6,6,0,6
7,https://resources.premierleague.com/premierleague25/badges/21.svg,West Ham United,5,1,3,1,6,6,0,6
8,https://resources.premierleague.com/premierleague25/badges/31.svg,Crystal Palace,4,2,0,2,4,7,-3,6
9,https://resources.premierleague.com/premierleague25/badges/39.svg,Wolverhampton Wanderers,4,1,2,1,5,4,1,5
10,https://resources.premierleague.com/premierleague25/badges/3.svg,Arsenal,5,1,2,2,5,7,-2,5
11,https://resources.premierleague.com/premierleague25/badges/13.svg,Leicester City,4,1,1,2,4,5,-1,4
12,https://resources.premierleague.com/premierleague25/badges/36.svg,Brighton and Hove Albion,5,1,1,3,4,8,-4,4
13,https://resources.premierleague.com/premierleague25/badges/7.svg,Aston Villa,4,1,0,3,8,8,0,3
14,https://resources.premierleague.com/premierleague25/badges/90.svg,Burnley,5,0,3,2,6,8,-2,3
15,https://resources.premierleague.com/premierleague25/badges/4.svg,Newcastle United,5,1,0,4,3,12,-9,3
16,https://resources.premierleague.com/premierleague25/badges/1.svg,Manchester United,4,0,2,2,2,5,-3,2
17,https://resources.premierleague.com/premierleague25/badges/6.svg,Tottenham Hotspur,4,0,2,2,5,9,-4,2
18,https://resources.premierleague.com/premierleague25/badges/57.svg,Watford,5,0,2,3,2,13,-11,2
19,https://resources.premierleague.com/premierleague25/badges/11.svg,Everton,4,0,1,3,1,6,-5,1
20,https://resources.premierleague.com/premierleague25/badges/45.svg,Norwich City,5,0,1,4,1,10,-9,1
