position,badge_url,name,games_played,games_won,games_drawn,games_lost,goals_for,goals_against,goal_difference,points
1,https://resources.premierleague.com/premierleague25/badges/43.svg,Manchester City,3,2,0,1,10,4,6,6
2,https://resources.premierleague.com/premierleague25/badges/14.svg,Liverpool,2,2,0,0,5,1,4,6
3,https://resources.premierleague.com/premierleague25/badges/8.svg,Chelsea,3,2,0,1,8,8,0,6
4,https://resources.premierleague.com/premierleague25/badges/20.svg,Southampton,3,2,0,1,3,3,0,6
5,https://resources.premierleague.com/premierleague25/badges/21.svg,West Ham United,3,1,2,0,4,2,2,5
6,https://resources.premierleague.com/premierleague25/badges/13.svg,Leicester City,3,1,1,1,3,3,0,4
7,https://resources.premierleague.com/premierleague25/badges/3.svg,Arsenal,3,1,1,1,4,5,-1,4
8,https://resources.premierleague.com/premierleague25/badges/91.svg,Bournemouth,2,1,0,1,3,4,-1,3
9,https://resources.premierleague.com/premierleague25/badges/36.svg,Brighton and Hove Albion,2,1,0,1,3,4,-1,3
10,https://resources.premierleague.com/premierleague25/badges/4.svg,Newcastle United,3,1,0,2,3,6,-3,3
11,https://resources.premierleague.com/premierleague25/badges/31.svg,Crystal Palace,3,1,0,2,2,6,-4,3
12,https://resources.premierleague.com/premierleague25/badges/6.svg,Tottenham Hotspur,2,0,2,0,4,4,0,2
13,https://resources.premierleague.com/premierleague25/badges/49.svg,Sheffield United,2,0,2,0,3,3,0,2
14,https://resources.premierleague.com/premierleague25/badges/1.svg,Manchester United,2,0,2,0,2,2,0,2
15,https://resources.premierleague.com/premierleague25/badges/90.svg,Burnley,3,0,2,1,3,4,-1,2
16,https://resources.premierleague.com/premierleague25/badges/39.svg,Wolverhampton Wanderers,2,0,1,1,2,3,-1,1
17,https://resources.premierleague.com/premierleague25/badges/57.svg,Watford,2,0,1,1,1,2,-1,1
18,https://resources.premierleague.com/premierleague25/badges/11.svg,Everton,3,0,1,2,1,5,-4,1
19,https://resources.premierleague.com/premierleague25/badges/7.svg,Aston Villa,2,0,0,2,1,4,-3,0
20,https://resources.premierleague.com/premierleague25/badges/45.svg,Norwich City,2,0,0,2,1,6,-5,0
