position,badge_url,name,games_played,games_won,games_drawn,games_lost,goals_for,goals_against,goal_difference,points
1,https://resources.premierleague.com/premierleague25/badges/14.svg,Liverpool,9,8,1,0,20,5,15,25
2,https://resources.premierleague.com/premierleague25/badges/13.svg,Leicester City,11,7,1,3,27,10,17,22
3,https://resources.premierleague.com/premierleague25/badges/8.svg,Chelsea,11,7,1,3,25,19,6,22
4,https://resources.premierleague.com/premierleague25/badges/43.svg,Manchester City,10,6,1,3,27,14,13,19
5,https://resources.premierleague.com/premierleague25/badges/49.svg,Sheffield United,11,3,6,2,11,11,0,15
6,https://resources.premierleague.com/premierleague25/badges/20.svg,Southampton,10,4,2,4,14,13,1,14
7,https://resources.premierleague.com/premierleague25/badges/39.svg,Wolverhampton Wanderers,11,3,5,3,14,13,1,14
8,https://resources.premierleague.com/premierleague25/badges/31.svg,Crystal Palace,11,3,4,4,10,14,-4,13
9,https://resources.premierleague.com/premierleague25/badges/1.svg,Manchester United,11,3,3,5,12,15,-3,12
10,https://resources.premierleague.com/premierleague25/badges/21.svg,West Ham United,10,3,3,4,9,13,-4,12
11,https://resources.premierleague.com/premierleague25/badges/3.svg,Arsenal,10,2,5,3,11,13,-2,11
12,https://resources.premierleague.com/premierleague25/badges/6.svg,Tottenham Hotspur,11,2,4,5,15,20,-5,10
13,https://resources.premierleague.com/premierleague25/badges/91.svg,Bournemouth,11,3,1,7,10,18,-8,10
14,https://resources.premierleague.com/premierleague25/badges/90.svg,Burnley,10,2,3,5,10,17,-7,9
15,https://resources.premierleague.com/premierleague25/badges/4.svg,Newcastle United,10,3,0,7,9,21,-12,9
16,https://resources.premierleague.com/premierleague25/badges/36.svg,Brighton and Hove Albion,10,2,2,6,10,17,-7,8
17,https://resources.premierleague.com/premierleague25/badges/11.svg,Everton,11,2,2,7,12,21,-9,8
18,https://resources.premierleague.com/premierleague25/badges/7.svg,Aston Villa,11,2,1,8,14,23,-9,7
19,https://resources.premierleague.com/premierleague25/badges/57.svg,Watford,10,1,3,6,6,20,-14,6
20,https://resources.premierleague.com/premierleague25/badges/45.svg,Norwich City,10,1,2,7,5,16,-11,5
