position,badge_url,name,games_played,games_won,games_drawn,games_lost,goals_for,goals_against,goal_difference,points
1,https://resources.premierleague.com/premierleague25/badges/14.svg,Liverpool,19,18,1,0,52,16,36,55
2,https://resources.premierleague.com/premierleague25/badges/43.svg,Manchester City,19,15,2,2,57,13,44,47
3,https://resources.premierleague.com/premierleague25/badges/6.svg,Tottenham Hotspur,19,12,3,4,36,17,19,39
4,https://resources.premierleague.com/premierleague25/badges/1.svg,Manchester United,19,10,7,2,40,17,23,37
5,https://resources.premierleague.com/premierleague25/badges/13.svg,Leicester City,19,11,4,4,35,17,18,37
6,https://resources.premierleague.com/premierleague25/badges/8.svg,Chelsea,19,11,3,5,30,16,14,36
7,https://resources.premierleague.com/premierleague25/badges/3.svg,Arsenal,19,10,6,3,36,24,12,36
8,https://resources.premierleague.com/premierleague25/badges/49.svg,Sheffield United,19,10,3,6,24,15,9,33
9,https://resources.premierleague.com/premierleague25/badges/39.svg,Wolverhampton Wanderers,19,8,7,4,27,19,8,31
10,https://resources.premierleague.com/premierleague25/badges/11.svg,Everton,19,8,7,4,24,21,3,31
11,https://resources.premierleague.com/premierleague25/badges/90.svg,Burnley,19,8,4,7,24,23,1,28
12,https://resources.premierleague.com/premierleague25/badges/4.svg,Newcastle United,19,6,8,5,20,21,-1,26
13,https://resources.premierleague.com/premierleague25/badges/57.svg,Watford,19,6,6,7,22,27,-5,24
14,https://resources.premierleague.com/premierleague25/badges/7.svg,Aston Villa,19,7,3,9,22,30,-8,24
15,https://resources.premierleague.com/premierleague25/badges/31.svg,Crystal Palace,19,6,5,8,15,20,-5,23
16,https://resources.premierleague.com/premierleague25/badges/21.svg,West Ham United,19,6,4,9,30,33,-3,22
17,https://resources.premierleague.com/premierleague25/badges/36.svg,Brighton and Hove Albion,19,5,7,7,20,27,-7,22
18,https://resources.premierleague.com/premierleague25/badges/91.svg,Bournemouth,19,5,6,8,22,30,-8,21
19,https://resources.premierleague.com/premierleague25/badges/20.svg,Southampton,19,6,3,10,21,35,-14,21
20,https://resources.premierleague.com/premierleague25/badges/45.svg,Norwich City,19,4,3,12,19,37,-18,15
