position,badge_url,name,games_played,games_won,games_drawn,games_lost,goals_for,goals_against,goal_difference,points
1,https://resources.premierleague.com/premierleague25/badges/43.svg,Manchester City,7,7,0,0,18,4,14,21
2,https://resources.premierleague.com/premierleague25/badges/8.svg,Chelsea,7,5,1,1,15,5,10,16
3,https://resources.premierleague.com/premierleague25/badges/57.svg,Watford,7,4,1,2,15,10,5,13
4,https://resources.premierleague.com/premierleague25/badges/6.svg,Tottenham Hotspur,6,4,0,2,12,5,7,12
5,https://resources.premierleague.com/premierleague25/badges/90.svg,Burnley,6,3,2,1,7,7,0,11
6,https://resources.premierleague.com/premierleague25/badges/1.svg,Manchester United,6,2,2,2,8,5,3,8
7,https://resources.premierleague.com/premierleague25/badges/14.svg,Liverpool,6,2,2,2,12,16,-4,8
8,https://resources.premierleague.com/premierleague25/badges/13.svg,Leicester City,7,1,4,2,9,11,-2,7
9,https://resources.premierleague.com/premierleague25/badges/36.svg,Brighton and Hove Albion,7,2,1,4,5,7,-2,7
10,https://resources.premierleague.com/premierleague25/badges/3.svg,Arsenal,7,2,1,4,8,12,-4,7
11,https://resources.premierleague.com/premierleague25/badges/91.svg,Bournemouth,7,2,1,4,4,8,-4,7
12,https://resources.premierleague.com/premierleague25/badges/80.svg,Swansea City,6,1,2,3,3,5,-2,5
13,https://resources.premierleague.com/premierleague25/badges/20.svg,Southampton,5,1,2,2,3,6,-3,5
14,https://resources.premierleague.com/premierleague25/badges/35.svg,West Bromwich Albion,7,1,2,4,4,9,-5,5
15,https://resources.premierleague.com/premierleague25/badges/110.svg,Stoke City,7,1,2,4,8,15,-7,5
16,https://resources.premierleague.com/premierleague25/badges/4.svg,Newcastle United,6,1,1,4,4,9,-5,4
17,https://resources.premierleague.com/premierleague25/badges/38.svg,Huddersfield Town,6,1,1,4,3,11,-8,4
18,https://resources.premierleague.com/premierleague25/badges/21.svg,West Ham United,7,0,3,4,5,15,-10,3
19,https://resources.premierleague.com/premierleague25/badges/11.svg,Everton,7,0,3,4,5,16,-11,3
20,https://resources.premierleague.com/premierleague25/badges/31.svg,Crystal Palace,6,0,0,6,0,13,-13,0
