position,badge_url,name,games_played,games_won,games_drawn,games_lost,goals_for,goals_against,goal_difference,points
1,https://resources.premierleague.com/premierleague25/badges/1.svg,Manchester United,6,6,0,0,19,1,18,18
2,https://resources.premierleague.com/premierleague25/badges/3.svg,Arsenal,6,6,0,0,15,4,11,18
3,https://resources.premierleague.com/premierleague25/badges/43.svg,Manchester City,6,5,1,0,24,4,20,16
4,https://resources.premierleague.com/premierleague25/badges/14.svg,Liverpool,6,4,2,0,12,1,11,14
5,https://resources.premierleague.com/premierleague25/badges/6.svg,Tottenham Hotspur,6,3,2,1,8,4,4,11
6,https://resources.premierleague.com/premierleague25/badges/90.svg,Burnley,6,3,2,1,5,2,3,11
7,https://resources.premierleague.com/premierleague25/badges/38.svg,Huddersfield Town,6,3,2,1,5,6,-1,11
8,https://resources.premierleague.com/premierleague25/badges/8.svg,Chelsea,6,3,1,2,9,6,3,10
9,https://resources.premierleague.com/premierleague25/badges/4.svg,Newcastle United,6,3,1,2,7,5,2,10
10,https://resources.premierleague.com/premierleague25/badges/36.svg,Brighton and Hove Albion,6,2,3,1,8,7,1,9
11,https://resources.premierleague.com/premierleague25/badges/11.svg,Everton,6,3,0,3,8,12,-4,9
12,https://resources.premierleague.com/premierleague25/badges/20.svg,Southampton,7,2,2,3,6,8,-2,8
13,https://resources.premierleague.com/premierleague25/badges/110.svg,Stoke City,6,2,2,2,8,11,-3,8
14,https://resources.premierleague.com/premierleague25/badges/57.svg,Watford,6,2,2,2,7,11,-4,8
15,https://resources.premierleague.com/premierleague25/badges/91.svg,Bournemouth,6,2,1,3,7,6,1,7
16,https://resources.premierleague.com/premierleague25/badges/13.svg,Leicester City,6,2,1,3,8,8,0,7
17,https://resources.premierleague.com/premierleague25/badges/35.svg,West Bromwich Albion,6,1,3,2,6,10,-4,6
18,https://resources.premierleague.com/premierleague25/badges/21.svg,West Ham United,5,2,0,3,6,10,-4,6
19,https://resources.premierleague.com/premierleague25/badges/31.svg,Crystal Palace,6,1,2,3,6,11,-5,5
20,https://resources.premierleague.com/premierleague25/badges/80.svg,Swansea City,6,1,0,5,4,10,-6,3
