position,badge_url,name,games_played,games_won,games_drawn,games_lost,goals_for,goals_against,goal_difference,points
1,https://resources.premierleague.com/premierleague25/badges/43.svg,Manchester City,5,4,1,0,21,3,18,13
2,https://resources.premierleague.com/premierleague25/badges/1.svg,Manchester United,4,4,0,0,14,0,14,12
3,https://resources.premierleague.com/premierleague25/badges/3.svg,Arsenal,4,4,0,0,11,3,8,12
4,https://resources.premierleague.com/premierleague25/badges/4.svg,Newcastle United,5,3,1,1,7,4,3,10
5,https://resources.premierleague.com/premierleague25/badges/14.svg,Liverpool,4,2,2,0,6,1,5,8
6,https://resources.premierleague.com/premierleague25/badges/6.svg,Tottenham Hotspur,5,2,2,1,7,4,3,8
7,https://resources.premierleague.com/premierleague25/badges/20.svg,Southampton,6,2,2,2,6,7,-1,8
8,https://resources.premierleague.com/premierleague25/badges/38.svg,Huddersfield Town,5,2,2,1,4,6,-2,8
9,https://resources.premierleague.com/premierleague25/badges/8.svg,Chelsea,5,2,1,2,8,6,2,7
10,https://resources.premierleague.com/premierleague25/badges/36.svg,Brighton and Hove Albion,4,2,1,1,5,4,1,7
11,https://resources.premierleague.com/premierleague25/badges/110.svg,Stoke City,5,2,1,2,6,9,-3,7
12,https://resources.premierleague.com/premierleague25/badges/35.svg,West Bromwich Albion,4,1,3,0,4,3,1,6
13,https://resources.premierleague.com/premierleague25/badges/21.svg,West Ham United,4,2,0,2,5,6,-1,6
14,https://resources.premierleague.com/premierleague25/badges/11.svg,Everton,5,2,0,3,5,10,-5,6
15,https://resources.premierleague.com/premierleague25/badges/90.svg,Burnley,4,1,2,1,2,2,0,5
16,https://resources.premierleague.com/premierleague25/badges/57.svg,Watford,4,1,2,1,5,10,-5,5
17,https://resources.premierleague.com/premierleague25/badges/13.svg,Leicester City,4,1,1,2,6,6,0,4
18,https://resources.premierleague.com/premierleague25/badges/91.svg,Bournemouth,4,1,1,2,3,5,-2,4
19,https://resources.premierleague.com/premierleague25/badges/80.svg,Swansea City,5,1,0,4,4,9,-5,3
20,https://resources.premierleague.com/premierleague25/badges/31.svg,Crystal Palace,4,1,0,3,2,7,-5,3
