position,badge_url,name,games_played,games_won,games_drawn,games_lost,goals_for,goals_against,goal_difference,points
1,https://resources.premierleague.com/premierleague25/badges/8.svg,Chelsea,2,2,0,0,7,2,5,6
2,https://resources.premierleague.com/premierleague25/badges/14.svg,Liverpool,2,2,0,0,5,0,5,6
3,https://resources.premierleague.com/premierleague25/badges/43.svg,Manchester City,2,2,0,0,5,1,4,6
4,https://resources.premierleague.com/premierleague25/badges/3.svg,Arsenal,2,2,0,0,3,0,3,6
5,https://resources.premierleague.com/premierleague25/badges/7.svg,Aston Villa,2,2,0,0,4,2,2,6
6,https://resources.premierleague.com/premierleague25/badges/17.svg,Nottingham Forest,2,2,0,0,2,0,2,6
7,https://resources.premierleague.com/premierleague25/badges/36.svg,Brighton and Hove Albion,2,1,1,0,4,1,3,4
8,https://resources.premierleague.com/premierleague25/badges/21.svg,West Ham United,2,1,1,0,3,1,2,4
9,https://resources.premierleague.com/premierleague25/badges/91.svg,Bournemouth,2,1,1,0,4,3,1,4
10,https://resources.premierleague.com/premierleague25/badges/4.svg,Newcastle United,2,1,1,0,3,2,1,4
11,https://resources.premierleague.com/premierleague25/badges/1.svg,Manchester United,2,1,0,1,4,2,2,3
12,https://resources.premierleague.com/premierleague25/badges/13.svg,Leicester City,2,0,1,1,3,4,-1,1
13,https://resources.premierleague.com/premierleague25/badges/31.svg,Crystal Palace,2,0,1,1,2,3,-1,1
14,https://resources.premierleague.com/premierleague25/badges/6.svg,Tottenham Hotspur,2,0,1,1,2,3,-1,1
15,https://resources.premierleague.com/premierleague25/badges/54.svg,Fulham,2,0,1,1,1,2,-1,1
16,https://resources.premierleague.com/premierleague25/badges/39.svg,Wolverhampton Wanderers,2,0,1,1,1,3,-2,1
17,https://resources.premierleague.com/premierleague25/badges/40.svg,Ipswich Town,2,0,1,1,1,4,-3,1
18,https://resources.premierleague.com/premierleague25/badges/94.svg,Brentford,2,0,0,2,1,4,-3,0
19,https://resources.premierleague.com/premierleague25/badges/20.svg,Southampton,2,0,0,2,1,4,-3,0
20,https://resources.premierleague.com/premierleague25/badges/11.svg,Everton,2,0,0,2,2,7,-5,0
