position,badge_url,name,games_played,games_won,games_drawn,games_lost,goals_for,goals_against,goal_difference,points
1,https://resources.premierleague.com/premierleague25/badges/14.svg,Liverpool,17,11,5,1,41,19,22,38
2,https://resources.premierleague.com/premierleague25/badges/3.svg,Arsenal,17,8,7,2,30,14,16,31
3,https://resources.premierleague.com/premierleague25/badges/17.svg,Nottingham Forest,17,9,2,6,29,28,1,29
4,https://resources.premierleague.com/premierleague25/badges/4.svg,Newcastle United,17,8,3,6,27,25,2,27
5,https://resources.premierleague.com/premierleague25/badges/91.svg,Bournemouth,17,6,7,4,32,26,6,25
6,https://resources.premierleague.com/premierleague25/badges/43.svg,Manchester City,17,7,4,6,27,21,6,25
7,https://resources.premierleague.com/premierleague25/badges/8.svg,Chelsea,17,7,4,6,28,23,5,25
8,https://resources.premierleague.com/premierleague25/badges/54.svg,Fulham,17,7,4,6,24,21,3,25
9,https://resources.premierleague.com/premierleague25/badges/31.svg,Crystal Palace,17,6,6,5,24,24,0,24
10,https://resources.premierleague.com/premierleague25/badges/36.svg,Brighton and Hove Albion,17,6,5,6,30,32,-2,23
11,https://resources.premierleague.com/premierleague25/badges/7.svg,Aston Villa,17,7,2,8,23,29,-6,23
12,https://resources.premierleague.com/premierleague25/badges/94.svg,Brentford,17,6,3,8,24,21,3,21
13,https://resources.premierleague.com/premierleague25/badges/39.svg,Wolverhampton Wanderers,17,6,3,8,25,32,-7,21
14,https://resources.premierleague.com/premierleague25/badges/1.svg,Manchester United,17,4,6,7,18,21,-3,18
15,https://resources.premierleague.com/premierleague25/badges/11.svg,Everton,17,4,6,7,12,20,-8,18
16,https://resources.premierleague.com/premierleague25/badges/21.svg,West Ham United,17,4,5,8,18,27,-9,17
17,https://resources.premierleague.com/premierleague25/badges/6.svg,Tottenham Hotspur,17,5,1,11,28,27,1,16
18,https://resources.premierleague.com/premierleague25/badges/40.svg,Ipswich Town,17,3,5,9,20,34,-14,14
19,https://resources.premierleague.com/premierleague25/badges/13.svg,Leicester City,17,2,3,12,16,42,-26,9
20,https://resources.premierleague.com/premierleague25/badges/20.svg,Southampton,17,1,3,13,13,35,-22,6
