position,badge_url,name,games_played,games_won,games_drawn,games_lost,goals_for,goals_against,goal_difference,points
1,https://resources.premierleague.com/premierleague25/badges/8.svg,Chelsea,6,5,0,1,18,3,15,15
2,https://resources.premierleague.com/premierleague25/badges/6.svg,Tottenham Hotspur,6,4,2,0,9,4,5,14
3,https://resources.premierleague.com/premierleague25/badges/14.svg,Liverpool,5,4,1,0,17,4,13,13
4,https://resources.premierleague.com/premierleague25/badges/90.svg,Burnley,7,4,1,2,10,6,4,13
5,https://resources.premierleague.com/premierleague25/badges/43.svg,Manchester City,6,3,3,0,12,5,7,12
6,https://resources.premierleague.com/premierleague25/badges/11.svg,Everton,6,3,3,0,9,4,5,12
7,https://resources.premierleague.com/premierleague25/badges/13.svg,Leicester City,6,3,2,1,9,4,5,11
8,https://resources.premierleague.com/premierleague25/badges/3.svg,Arsenal,6,3,2,1,12,8,4,11
9,https://resources.premierleague.com/premierleague25/badges/91.svg,Bournemouth,6,3,1,2,10,6,4,10
10,https://resources.premierleague.com/premierleague25/badges/57.svg,Watford,6,3,1,2,10,9,1,10
11,https://resources.premierleague.com/premierleague25/badges/1.svg,Manchester United,6,2,3,1,9,5,4,9
12,https://resources.premierleague.com/premierleague25/badges/20.svg,Southampton,6,2,3,1,6,5,1,9
13,https://resources.premierleague.com/premierleague25/badges/35.svg,West Bromwich Albion,6,2,2,2,10,9,1,8
14,https://resources.premierleague.com/premierleague25/badges/21.svg,West Ham United,6,2,2,2,6,9,-3,8
15,https://resources.premierleague.com/premierleague25/badges/110.svg,Stoke City,6,2,1,3,7,11,-4,7
16,https://resources.premierleague.com/premierleague25/badges/88.svg,Hull City,6,2,0,4,5,11,-6,6
17,https://resources.premierleague.com/premierleague25/badges/31.svg,Crystal Palace,6,1,1,4,8,10,-2,4
18,https://resources.premierleague.com/premierleague25/badges/25.svg,Middlesbrough,6,1,1,4,5,7,-2,4
19,https://resources.premierleague.com/premierleague25/badges/56.svg,Sunderland,6,1,1,4,8,13,-5,4
20,https://resources.premierleague.com/premierleague25/badges/80.svg,Swansea City,6,0,2,4,5,12,-7,2
