position,badge_url,name,games_played,games_won,games_drawn,games_lost,goals_for,goals_against,goal_difference,points
1,https://resources.premierleague.com/premierleague25/badges/6.svg,Tottenham Hotspur,7,6,0,1,14,6,8,18
2,https://resources.premierleague.com/premierleague25/badges/14.svg,Liverpool,6,4,2,0,9,4,5,14
3,https://resources.premierleague.com/premierleague25/badges/8.svg,Chelsea,5,4,1,0,12,1,11,13
4,https://resources.premierleague.com/premierleague25/badges/43.svg,Manchester City,5,3,2,0,9,1,8,11
5,https://resources.premierleague.com/premierleague25/badges/3.svg,Arsenal,5,3,1,1,14,9,5,10
6,https://resources.premierleague.com/premierleague25/badges/1.svg,Manchester United,6,3,1,2,11,10,1,10
7,https://resources.premierleague.com/premierleague25/badges/91.svg,Bournemouth,5,3,0,2,9,7,2,9
8,https://resources.premierleague.com/premierleague25/badges/13.svg,Leicester City,6,3,0,3,9,10,-1,9
9,https://resources.premierleague.com/premierleague25/badges/57.svg,Watford,5,2,1,2,6,5,1,7
10,https://resources.premierleague.com/premierleague25/badges/39.svg,Wolverhampton Wanderers,5,2,1,2,3,4,-1,7
11,https://resources.premierleague.com/premierleague25/badges/31.svg,Crystal Palace,6,2,0,4,6,9,-3,6
12,https://resources.premierleague.com/premierleague25/badges/11.svg,Everton,5,1,2,2,7,9,-2,5
13,https://resources.premierleague.com/premierleague25/badges/21.svg,West Ham United,5,1,1,3,5,10,-5,4
14,https://resources.premierleague.com/premierleague25/badges/36.svg,Brighton and Hove Albion,6,1,1,4,4,10,-6,4
15,https://resources.premierleague.com/premierleague25/badges/90.svg,Burnley,6,1,1,4,6,15,-9,4
16,https://resources.premierleague.com/premierleague25/badges/20.svg,Southampton,6,1,1,4,4,13,-9,4
17,https://resources.premierleague.com/premierleague25/badges/4.svg,Newcastle United,5,0,3,2,3,5,-2,3
18,https://resources.premierleague.com/premierleague25/badges/38.svg,Huddersfield Town,5,0,2,3,4,14,-10,2
19,https://resources.premierleague.com/premierleague25/badges/97.svg,Cardiff City,5,0,1,4,2,11,-9,1
20,https://resources.premierleague.com/premierleague25/badges/54.svg,Fulham,6,0,1,5,5,16,-11,1
